{"topics":["Football","Rugby","Hockey","Swimming","Running"],"faqs":[{"question":"Who is the best footballer?","answer":"Messi","topic index":0},{"question":"Who is the 2nd best footballer?","answer":"Ronaldo","topic index":0},{"question":"Who is the best football club in the Premier League?","answer":"Manchester United","topic index":0},{"question":"What sport plays with an oval ball?","answer":"Rugby","topic index":1},{"question":"What sport plays with sticks?","answer":"Hockey","topic index":2},{"question":"Who likes rugby?","answer":"Not me","topic index":1},{"question":"Who likes hockey?","answer":"Girls","topic index":"2"},{"question":"Which swimmer has won the most gold medals?","answer":"Michael Phelps","topic index":"3"},{"question":"Who is the fastest man on the planet?","answer":"Usain Bolt","topic index":"4"},{"question":"Can a man run 100m in less than 10 seconds?","answer":"Yes","topic index":"4"},{"question":"Which football team is the best in the North-East?","answer":"Middlesbrough","topic index":"0"}]}